soil_number,time,bacterial_growth_rate,fungal_growth_rate,respiration_rate
1,3.15,7.52E-04,1.54E-02,1.59E+00
1,8.39,2.56E-03,3.23E-02,1.33E+00
1,15.52,5.61E-03,5.55E-02,1.79E+00
1,21.83,3.66E-03,7.58E-02,2.24E+00
1,29.93,1.20E-02,1.11E-01,1.93E+00
1,42.07,4.98E-02,1.03E-01,3.73E+00
1,60.42,6.24E-02,5.00E-02,2.37E+00
1,83.84,6.46E-02,3.77E-02,1.65E+00
1,133.31,8.69E-02,3.20E-02,1.55E+00
2,3.14,7.06E-04,1.51E-02,1.72E+00
2,8.39,8.06E-04,2.47E-02,1.25E+00
2,15.55,9.57E-04,6.09E-02,1.69E+00
2,21.85,2.60E-03,8.48E-02,2.18E+00
2,29.92,5.23E-03,1.06E-01,1.60E+00
2,42.07,5.01E-02,8.08E-02,3.45E+00
2,60.42,5.19E-02,4.25E-02,2.13E+00
2,83.84,5.25E-02,3.72E-02,1.91E+00
2,133.3,9.60E-02,3.14E-02,1.40E+00
3,3.14,1.05E-03,1.58E-02,1.78E+00
3,8.39,1.09E-03,2.86E-02,1.44E+00
3,15.56,1.00E-03,5.46E-02,1.70E+00
3,21.87,4.15E-03,6.71E-02,2.06E+00
3,29.92,2.52E-02,8.21E-02,2.47E+00
3,42.06,6.57E-02,6.21E-02,3.33E+00
3,60.41,7.04E-02,3.56E-02,2.49E+00
3,83.83,8.83E-02,3.27E-02,1.89E+00
3,133.3,7.49E-02,2.90E-02,1.57E+00
4,3.14,7.72E-04,1.69E-02,1.78E+00
4,8.38,2.63E-03,3.39E-02,1.33E+00
4,15.59,9.88E-04,6.28E-02,1.42E+00
4,21.9,4.77E-03,8.22E-02,2.67E+00
4,29.92,2.71E-02,1.06E-01,2.65E+00
4,42.06,6.90E-02,5.93E-02,3.34E+00
4,60.41,1.04E-01,3.63E-02,2.08E+00
4,83.83,1.25E-01,3.51E-02,1.96E+00
4,133.3,1.10E-01,3.06E-02,1.42E+00
5,3.15,8.60E-04,1.59E-02,1.77E+00
5,8.4,1.16E-03,3.26E-02,1.32E+00
5,15.6,2.95E-03,6.16E-02,1.40E+00
5,21.91,1.43E-02,8.28E-02,2.41E+00
5,29.93,4.41E-02,8.20E-02,2.31E+00
5,42.07,1.12E-01,6.12E-02,2.85E+00
5,60.42,3.48E-01,3.64E-02,2.40E+00
5,83.84,5.35E-01,3.19E-02,1.72E+00
5,133.31,4.99E-01,2.67E-02,1.34E+00
6,3.15,1.30E-03,1.58E-02,1.61E+00
6,8.39,1.19E-03,3.32E-02,1.37E+00
6,15.63,5.56E-03,5.83E-02,1.54E+00
6,21.94,1.99E-02,7.50E-02,2.22E+00
6,29.93,3.05E-02,8.01E-02,2.02E+00
6,42.07,1.40E-01,5.38E-02,3.19E+00
6,60.42,3.05E-01,3.27E-02,2.56E+00
6,83.84,3.63E-01,3.16E-02,1.72E+00
6,133.31,2.42E-01,3.11E-02,1.39E+00
7,3.14,9.68E-04,1.75E-02,1.84E+00
7,8.39,1.13E-03,2.76E-02,1.56E+00
7,15.65,1.56E-03,4.49E-02,1.60E+00
7,21.95,1.07E-02,5.07E-02,1.95E+00
7,29.92,5.97E-02,5.30E-02,2.25E+00
7,42.07,1.08E-01,5.06E-02,2.38E+00
7,60.42,2.47E-01,3.09E-02,1.91E+00
7,83.84,2.67E-01,2.42E-02,1.69E+00
7,133.3,1.39E-01,1.81E-02,1.31E+00
8,3.14,1.40E-03,2.15E-02,1.45E+00
8,8.39,2.36E-03,4.42E-02,1.29E+00
8,15.68,6.55E-03,6.81E-02,1.53E+00
8,21.98,2.17E-02,6.92E-02,2.05E+00
8,28.92,4.09E-02,6.23E-02,1.30E+00
8,42.06,7.42E-02,4.51E-02,1.98E+00
8,60.41,1.53E-01,3.20E-02,1.60E+00
8,83.83,1.92E-01,2.99E-02,1.24E+00
8,133.3,1.88E-01,2.73E-02,8.09E-01
9,3.14,1.85E-03,1.91E-02,1.65E+00
9,8.38,1.32E-03,3.81E-02,1.41E+00
9,15.69,4.51E-03,5.20E-02,1.59E+00
9,22,1.63E-02,5.90E-02,2.06E+00
9,29.92,4.72E-02,5.84E-02,1.71E+00
9,42.06,1.25E-01,4.14E-02,2.27E+00
9,60.41,2.98E-01,2.94E-02,1.60E+00
9,83.83,3.91E-01,2.69E-02,1.36E+00
9,133.3,3.41E-01,2.55E-02,9.64E-01
10,3.13,1.25E-03,1.95E-02,1.75E+00
10,8.38,1.80E-03,3.71E-02,1.45E+00
10,26.27,4.14E-02,3.82E-02,1.53E+00
10,32.58,5.95E-02,3.54E-02,1.55E+00
10,29.91,5.18E-02,3.67E-02,9.99E-01
10,42.05,1.08E-01,3.03E-02,1.43E+00
10,60.4,1.90E-01,2.67E-02,9.16E-01
10,83.83,2.09E-01,2.70E-02,1.02E+00
10,133.29,1.03E-01,3.52E-02,7.91E-01
11,3.9,2.75E-04,2.97E-02,6.72E-01
11,7.7,3.01E-04,8.53E-02,8.60E-01
11,19.9,6.55E-04,4.52E-01,1.94E+00
11,31.3,8.90E-04,2.55E-01,1.43E+00
11,43.4,4.21E-03,2.03E-01,1.64E+00
11,52.9,1.04E-02,1.40E-01,1.67E+00
11,64.5,1.42E-02,1.39E-01,1.58E+00
11,75.1,NA,NA,1.43E+00
12,4.4,5.50E-04,1.74E-01,1.90E+00
12,6.7,5.39E-04,2.25E-01,1.95E+00
12,20.1,1.24E-02,1.46E-01,1.69E+00
12,32.3,1.76E-03,9.30E-02,1.54E+00
12,44.3,1.46E-03,9.41E-02,1.28E+00
12,52.2,1.69E-03,1.05E-01,1.40E+00
12,64.3,1.21E-03,8.35E-02,1.12E+00
12,76,NA,NA,8.87E-01
13,3.7,8.66E-04,1.51E-01,1.56E+00
13,7.4,1.31E-03,2.22E-01,1.41E+00
13,20.4,2.60E-03,1.76E-01,8.98E-01
13,34.1,1.49E-03,1.69E-01,8.52E-01
13,44.8,2.08E-03,1.64E-01,7.70E-01
13,53.2,1.71E-03,1.31E-01,7.62E-01
13,64.6,3.44E-03,1.31E-01,6.99E-01
13,75.8,NA,NA,7.07E-01
14,3.8,7.90E-04,1.49E-01,8.30E-01
14,15.4,1.83E-03,2.22E-01,7.59E-01
14,28.2,2.30E-03,1.57E-01,7.45E-01
14,33.3,2.37E-03,1.23E-01,6.93E-01
14,44.7,2.02E-03,1.22E-01,5.68E-01
14,61.1,1.68E-03,1.91E-01,7.86E-01
14,64.9,1.69E-03,1.96E-01,6.22E-01
14,76.8,1.89E-03,1.51E-01,6.28E-01
15,3,4.68E-03,1.12E-02,2.01E+00
15,9,4.76E-03,1.58E-02,1.27E+00
15,15,3.97E-03,1.65E-02,6.01E-01
15,21,7.24E-03,1.42E-02,1.18E+00
15,30,5.02E-03,1.55E-02,3.97E-01
15,42,1.37E-03,1.68E-02,1.15E+00
15,50,6.07E-03,1.84E-02,1.19E+00
15,84,6.79E-03,1.85E-02,8.02E-01
15,177,NA,NA,1.93E-01
16,3,2.81E-03,1.68E-02,8.57E-01
16,9,3.28E-03,1.20E-02,4.61E-01
16,15,3.74E-03,1.23E-02,6.21E-01
16,21,3.95E-03,1.08E-02,5.15E-01
16,30,3.57E-03,1.44E-02,9.03E-01
16,42,5.67E-03,1.31E-02,1.74E-01
16,50,4.34E-03,1.31E-02,2.60E-01
16,84,4.04E-03,1.52E-02,6.60E-01
16,177,NA,NA,1.03E-01
17,3,2.84E-03,1.17E-02,2.01E+00
17,9,3.81E-03,3.21E-02,1.56E+00
17,15,3.45E-03,2.47E-02,1.58E+00
17,21,4.23E-03,2.84E-02,0.00E+00
17,30,2.94E-03,2.59E-02,0.00E+00
17,42,4.14E-03,2.11E-02,1.12E+00
17,50,3.44E-03,1.93E-02,6.47E-01
17,84,6.46E-03,2.85E-02,6.51E-01
17,177,NA,NA,1.65E-01
18,3,4.91E-03,1.41E-02,1.76E+00
18,9,6.77E-03,1.44E-02,8.83E-01
18,15,1.23E-02,1.54E-02,1.26E+00
18,21,5.98E-03,1.67E-02,3.72E-01
18,30,6.08E-03,1.80E-02,1.62E+00
18,42,8.42E-03,1.86E-02,6.51E-01
18,50,6.74E-03,1.75E-02,2.52E-01
18,84,6.65E-03,2.33E-02,2.14E-03
18,177,NA,NA,1.51E-01
19,3,2.54E-03,1.73E-02,3.09E+00
19,9,4.28E-03,1.90E-02,2.30E+00
19,15,4.42E-03,2.08E-02,8.72E-01
19,21,1.06E-02,2.07E-02,6.99E-01
19,30,8.25E-03,2.36E-02,1.96E+00
19,42,1.33E-02,2.13E-02,4.51E-01
19,50,8.58E-03,2.33E-02,3.72E-01
19,84,3.28E-03,1.65E-02,5.33E-01
19,177,NA,NA,2.72E-01
20,3,7.18E-04,2.35E-03,3.32E+00
20,9,5.01E-03,1.53E-02,2.14E+00
20,15,3.75E-03,1.63E-02,1.16E+00
20,21,7.64E-03,1.65E-02,5.68E-01
20,30,4.27E-03,1.47E-02,1.09E+00
20,42,1.57E-03,1.69E-02,1.37E+00
20,50,5.81E-03,1.91E-02,9.38E-01
20,84,5.59E-03,2.23E-02,1.06E+00
20,177,NA,NA,2.44E-01
21,3,7.05E-03,1.45E-02,4.03E+00
21,9,1.23E-02,2.53E-02,4.22E+00
21,15,2.06E-02,2.59E-02,3.69E+00
21,21,1.41E-02,2.67E-02,0.00E+00
21,30,1.74E-02,3.01E-02,0.00E+00
21,42,1.66E-02,3.97E-02,2.71E+00
21,50,1.43E-02,3.22E-02,1.24E+00
21,84,8.04E-03,3.21E-02,1.91E+00
21,177,NA,NA,8.16E-01
22,3,3.44E-03,1.22E-02,2.25E+00
22,9,3.92E-03,1.58E-02,1.27E+00
22,15,7.39E-03,1.63E-02,1.10E+00
22,21,1.02E-02,1.83E-02,9.70E-01
22,30,8.59E-03,1.63E-02,9.79E-01
22,42,1.15E-02,2.32E-02,4.46E-01
22,50,1.01E-02,2.24E-02,7.68E-01
22,84,8.09E-03,2.49E-02,8.37E-03
22,177,NA,NA,5.32E-01
23,3,4.12E-03,1.23E-02,2.93E+00
23,9,4.96E-03,1.36E-02,2.09E+00
23,15,4.79E-03,1.69E-02,1.96E+00
23,21,5.66E-03,1.84E-02,2.35E+00
23,30,6.45E-03,2.47E-02,1.65E+00
23,42,5.95E-03,1.37E-02,7.09E-01
23,50,6.43E-03,1.94E-02,9.81E-01
23,84,6.28E-03,1.82E-02,2.26E-01
23,177,NA,NA,1.65E-01
24,3,6.76E-03,2.14E-02,4.88E+00
24,9,1.11E-02,2.67E-02,3.36E+00
24,15,6.84E-03,3.06E-02,3.13E+00
24,21,9.85E-03,2.92E-02,1.01E+00
24,30,8.64E-03,2.78E-02,1.80E+00
24,42,1.15E-02,2.93E-02,2.42E+00
24,50,1.22E-02,2.59E-02,1.61E+00
24,84,1.10E-02,2.24E-02,3.98E-01
24,177,NA,NA,7.12E-01
25,3,1.78E-03,1.33E-02,6.83E+00
25,9,2.99E-03,1.68E-02,4.31E+00
25,15,1.10E-02,2.19E-02,2.29E+00
25,21,8.00E-03,2.34E-02,2.68E+00
25,30,1.18E-02,2.61E-02,5.99E+00
25,42,1.97E-02,2.45E-02,2.98E+00
25,50,6.59E-03,2.62E-02,8.78E-01
25,84,1.45E-02,3.93E-02,2.16E+00
25,177,NA,NA,1.19E+00
26,3,5.28E-03,1.38E-02,3.72E+00
26,9,1.30E-02,1.29E-02,2.33E+00
26,15,1.18E-02,1.61E-02,1.35E+00
26,21,1.07E-02,1.54E-02,1.56E+00
26,30,1.15E-02,1.53E-02,1.23E+00
26,42,1.15E-02,1.11E-02,1.57E+00
26,50,1.29E-02,2.14E-02,4.56E-01
26,84,8.72E-03,2.11E-02,3.93E-01
26,177,NA,NA,3.10E-01
27,3,2.48E-03,1.07E-02,1.77E+00
27,9,5.91E-03,2.50E-02,1.32E+00
27,15,9.03E-03,1.13E-02,1.32E+00
27,21,1.08E-02,2.04E-02,0.00E+00
27,30,9.96E-03,1.40E-02,0.00E+00
27,42,1.41E-02,1.78E-02,1.34E+00
27,50,1.23E-02,1.65E-02,1.43E+00
27,84,1.38E-02,2.04E-02,1.28E+00
27,177,NA,NA,7.76E-01
28,3,6.04E-03,1.49E-02,2.68E+00
28,9,9.86E-03,1.65E-02,1.21E+00
28,15,1.83E-03,1.66E-02,1.20E+00
28,21,1.32E-02,1.35E-02,6.45E-01
28,30,1.10E-02,2.12E-02,1.46E+00
28,42,1.31E-02,2.19E-02,5.53E-01
28,50,1.30E-02,2.33E-02,5.31E-01
28,84,1.21E-02,2.50E-02,5.01E-01
28,177,NA,NA,2.40E-01
29,3,3.08E-03,9.94E-03,2.72E+00
29,9,7.26E-03,1.23E-02,1.79E+00
29,15,1.35E-03,1.45E-02,2.70E+00
29,21,1.54E-02,1.18E-02,7.91E-01
29,30,1.85E-02,1.63E-02,1.85E+00
29,42,1.90E-02,2.23E-02,7.58E-01
29,50,2.34E-02,2.50E-02,5.72E-01
29,84,1.93E-02,2.06E-02,6.46E-01
29,177,NA,NA,6.36E-01
30,3,8.44E-03,1.75E-02,7.07E+00
30,9,1.53E-02,3.33E-02,4.12E+00
30,15,1.67E-02,3.48E-02,2.24E+00
30,21,2.47E-02,3.90E-02,1.72E+00
30,30,2.52E-02,4.61E-02,2.16E+00
30,42,3.37E-02,5.00E-02,1.55E+00
30,50,3.02E-02,4.38E-02,1.43E+00
30,84,2.24E-02,4.18E-02,1.03E+00
30,177,NA,NA,9.20E-01
31,3,1.01E-02,1.36E-02,4.88E+00
31,9,1.31E-02,3.11E-02,3.54E+00
31,15,1.31E-02,2.79E-02,1.31E+00
31,21,1.71E-02,2.64E-02,0.00E+00
31,30,1.39E-02,3.47E-02,0.00E+00
31,42,1.77E-02,2.73E-02,2.91E+00
31,50,1.70E-02,2.86E-02,6.66E-01
31,84,2.30E-02,2.22E-02,1.36E+00
31,177,NA,NA,8.48E-01
32,2.83,7.09E-04,3.74E-02,9.92E+00
32,6.85,6.43E-04,7.83E-02,9.87E+00
32,19.03,5.44E-02,1.37E-01,5.37E+00
32,22.58,9.28E-02,2.08E-01,5.57E+00
32,29,1.54E-01,8.77E-02,4.24E+00
32,40.02,2.14E-01,7.74E-02,2.95E+00
32,60.88,1.56E-01,NA,3.24E+00
33,3.04,3.62E-03,2.74E-02,7.38E+00
33,6.88,2.97E-02,2.96E-02,8.68E+00
33,19.07,9.61E-02,4.50E-02,4.18E+00
33,22.62,8.27E-02,3.33E-02,5.59E+00
33,29.03,1.04E-01,5.32E-02,3.48E+00
33,40.06,9.03E-02,7.67E-02,1.79E+00
33,60.92,4.58E-02,NA,3.99E+00
34,2.9,6.71E-04,9.63E-02,4.27E+00
34,6.91,6.51E-04,2.55E-01,5.33E+00
34,19.09,1.31E-02,3.57E-01,3.62E+00
34,22.64,9.98E-03,2.92E-01,3.26E+00
34,29.07,9.85E-03,2.63E-01,2.29E+00
34,40.09,8.42E-03,3.41E-01,1.59E+00
34,60.94,7.89E-03,2.55E-01,1.64E+00
35,2.93,1.51E-03,1.87E-02,1.92E+00
35,7.31,6.17E-03,2.64E-02,1.71E+00
35,19.13,2.98E-02,2.59E-02,6.66E-01
35,22.68,2.67E-02,2.91E-02,5.73E-01
35,29.08,2.65E-02,2.83E-02,5.74E-01
35,40.11,3.75E-02,2.96E-02,3.85E-01
35,60.96,1.70E-02,4.30E-02,3.93E-01
36,2.96,3.30E-04,1.58E-02,6.16E+00
36,6.93,5.64E-04,2.48E-02,5.89E+00
36,19.16,2.97E-02,3.66E-02,3.45E+00
36,22.72,9.07E-02,5.58E-02,2.99E+00
36,29.09,1.51E-01,5.32E-02,3.08E+00
36,40.13,2.04E-01,5.07E-02,2.32E+00
36,60.98,2.11E-01,3.17E-02,1.98E+00
37,3.08,4.71E-03,4.21E-02,4.06E+00
37,7.32,9.08E-03,6.92E-02,2.95E+00
37,19.18,1.62E-02,7.49E-02,1.24E+00
37,22.74,1.67E-02,7.37E-02,1.07E+00
37,29.11,1.91E-02,6.13E-02,9.74E-01
37,40.14,2.42E-02,6.36E-02,7.47E-01
37,61,2.62E-02,3.52E-02,6.68E-01
38,3.11,4.95E-03,2.38E-02,5.23E+00
38,7.22,7.49E-03,5.67E-02,3.49E+00
38,19.22,2.82E-02,6.13E-02,1.80E+00
38,22.78,2.02E-02,7.33E-02,2.12E+00
38,29.13,2.27E-02,6.36E-02,1.58E+00
38,40.16,1.69E-02,6.98E-02,1.33E+00
38,61.01,2.14E-02,3.89E-02,8.72E-01
39,3.14,1.16E-03,3.15E-02,5.14E+00
39,6.98,1.31E-03,8.26E-02,1.24E+01
39,19.25,2.84E-02,1.13E-01,6.37E+00
39,22.88,5.53E-02,1.32E-01,4.69E+00
39,29.13,5.54E-02,1.08E-01,3.72E+00
39,40.18,4.24E-02,8.31E-02,2.75E+00
39,61.04,2.53E-02,6.37E-02,3.40E+00
40,3.17,3.05E-03,5.05E-02,6.47E+00
40,6.99,6.24E-03,9.26E-02,4.98E+00
40,19.28,7.75E-03,1.31E-01,2.53E+00
40,22.92,5.84E-03,1.47E-01,2.22E+00
40,29.15,9.21E-03,1.11E-01,1.78E+00
40,40.2,2.13E-02,1.01E-01,1.61E+00
40,61.05,1.42E-02,9.94E-02,1.67E+00
41,3.2,2.30E-02,3.66E-02,7.06E+00
41,7.01,2.80E-02,6.56E-02,9.11E+00
41,19.31,2.78E-02,4.67E-02,3.80E+00
41,22.94,4.92E-02,5.13E-02,4.75E+00
41,29.17,4.31E-02,5.55E-02,2.90E+00
41,40.22,5.93E-02,5.93E-02,1.34E+00
41,61.08,4.47E-02,5.91E-02,2.30E+00
42,3.23,3.83E-03,1.87E-02,1.58E+00
42,7.24,7.27E-03,2.62E-02,1.81E+00
42,19.33,7.38E-03,1.74E-02,7.37E-01
42,22.98,1.18E-02,2.53E-02,9.08E-01
42,29.15,1.11E-02,3.45E-02,5.54E-01
42,40.19,8.99E-03,2.88E-02,2.87E-01
43,3.26,2.95E-04,5.31E-02,5.22E+00
43,7,3.51E-04,1.50E-01,8.30E+00
43,19.37,9.53E-03,5.37E-01,4.72E+00
43,23.02,1.54E-03,5.46E-01,3.62E+00
43,29.23,5.31E-03,4.69E-01,3.09E+00
43,40.21,5.05E-03,4.28E-01,1.97E+00
43,61.07,4.95E-03,3.46E-01,1.26E+00
44,2.67,2.53E-03,2.21E-02,4.49E+00
44,6.58,3.24E-03,5.96E-02,5.50E+00
44,18.7,2.05E-02,1.82E-02,4.31E+00
44,22,2.12E-02,2.64E-02,2.87E+00
44,29.75,2.57E-02,3.22E-02,3.72E+00
44,40.98,2.93E-02,4.59E-02,1.98E+00
44,60.58,4.66E-02,4.42E-02,2.08E+00
45,2.69,1.16E-02,2.00E-02,2.72E+00
45,6.59,1.72E-02,3.59E-02,2.36E+00
45,18.73,2.65E-02,1.95E-02,2.61E+00
45,22.03,3.61E-02,2.75E-02,4.07E+00
45,29.76,6.22E-02,2.07E-02,2.51E+00
45,40.99,4.26E-02,3.06E-02,1.55E+00
45,60.59,4.04E-02,3.68E-02,1.10E+00
46,2.73,5.81E-04,3.22E-02,4.73E+00
46,6.61,9.16E-04,7.08E-02,5.27E+00
46,18.76,2.42E-03,2.88E-02,6.27E+00
46,22.06,5.10E-03,2.56E-02,4.81E+00
46,29.78,3.83E-03,3.75E-02,3.89E+00
46,41.01,3.70E-03,1.32E-01,3.13E+00
46,60.61,3.60E-03,1.58E-01,2.62E+00
47,2.76,NA,2.11E-02,1.36E+00
47,6.62,1.54E-02,1.21E-01,1.01E+00
47,18.79,3.14E-02,2.86E-02,7.99E-01
47,22.09,3.45E-02,2.98E-02,7.87E-01
47,29.78,3.41E-02,2.32E-02,7.17E-01
47,41.02,2.51E-02,4.18E-02,4.33E-01
47,60.62,1.68E-02,5.17E-02,3.39E-01
48,2.78,5.18E-03,1.38E-02,2.49E+00
48,6.63,1.05E-02,2.69E-02,2.27E+00
48,18.83,3.12E-02,7.47E-02,3.03E+00
48,22.13,3.97E-02,8.14E-02,2.42E+00
48,29.8,4.88E-02,6.50E-02,2.49E+00
48,41.03,4.07E-02,4.32E-02,1.65E+00
48,60.63,2.99E-02,2.48E-02,8.07E-01
49,2.82,2.20E-03,1.99E-02,1.44E+00
49,6.65,8.27E-03,2.88E-02,1.69E+00
49,18.86,3.78E-02,2.48E-01,8.37E-01
49,22.15,5.07E-02,3.05E-01,9.29E-01
49,29.82,5.92E-02,1.43E-01,7.45E-01
49,41.04,5.80E-02,4.83E-02,7.71E-01
49,60.65,4.05E-02,3.43E-02,6.81E-01
50,2.84,3.96E-03,1.06E-02,1.23E+00
50,6.66,6.04E-03,1.56E-02,1.18E+00
50,18.88,1.03E-02,4.21E-02,7.22E-01
50,22.18,1.14E-02,5.53E-02,1.36E+00
50,29.83,9.89E-03,2.50E-02,1.01E+00
50,41.06,1.31E-02,2.18E-02,5.53E-01
50,60.67,1.47E-02,2.16E-02,4.81E-01
51,2.88,1.92E-03,1.41E-02,2.68E+00
51,6.68,4.53E-03,2.36E-02,1.90E+00
51,18.92,1.34E-02,5.41E-02,1.71E+00
51,22.21,3.00E-02,3.69E-02,1.68E+00
51,29.84,2.61E-02,4.58E-02,2.20E+00
51,41.08,4.01E-02,3.35E-02,1.43E+00
51,60.68,5.49E-02,3.72E-02,1.08E+00
52,2.91,1.27E-03,7.28E-02,2.29E+00
52,6.69,2.28E-03,1.26E-01,2.67E+00
52,19.38,3.93E-03,5.63E-02,2.07E+00
52,22.24,4.15E-03,6.16E-02,2.50E+00
52,29.86,5.24E-03,1.67E-01,1.93E+00
52,41.09,6.57E-03,1.50E-01,1.56E+00
52,60.69,9.02E-03,1.13E-01,1.32E+00
53,2.93,1.55E-03,4.41E-02,4.48E+00
53,6.71,2.14E-03,1.05E-01,4.12E+00
53,19.42,4.76E-03,3.31E-01,2.49E+00
53,22.28,5.09E-03,3.70E-01,2.53E+00
53,29.87,8.66E-03,1.56E-01,1.15E+00
53,41.11,8.28E-03,1.17E-01,1.91E+00
53,60.71,7.34E-03,9.01E-02,1.83E+00
54,2.97,7.02E-04,3.13E-02,3.20E+00
54,6.73,3.97E-04,7.00E-02,3.42E+00
54,19.45,1.75E-03,1.50E-01,5.01E+00
54,22.3,2.61E-03,1.27E-01,4.97E+00
54,29.88,3.96E-03,1.92E-01,2.11E+00
54,41.13,5.05E-03,1.43E-01,2.79E+00
54,60.73,6.72E-03,9.63E-02,2.45E+00
55,2.99,1.11E-02,2.46E-02,2.61E+00
55,6.74,1.23E-02,4.18E-02,2.24E+00
55,19.48,2.72E-02,1.66E-01,1.08E+00
55,22.33,2.66E-02,1.89E-01,1.15E+00
55,29.91,2.30E-02,7.43E-02,3.65E+00
55,41.13,2.83E-02,5.14E-02,9.70E-01
55,60.74,1.52E-02,4.54E-02,7.72E-01
56,2.27,7.23E-03,1.19E-02,8.22E-01
56,6.08,7.77E-03,2.06E-02,2.59E-01
56,18,1.65E-02,2.48E-02,2.10E-01
56,27,2.53E-02,2.54E-02,2.38E-01
56,38,4.73E-02,3.40E-02,8.19E-02
56,58,8.31E-02,4.18E-02,3.28E-02
56,83.38,4.07E-02,3.95E-02,3.28E-02
56,103.74,4.37E-02,4.56E-02,3.28E-02
56,156.28,3.02E-02,4.22E-02,1.64E-02
57,2.27,4.78E-04,4.09E-02,4.89E-01
57,6.08,4.30E-04,1.15E-01,2.48E-01
57,18,8.43E-04,2.76E-01,3.30E-01
57,27,2.30E-03,2.05E-01,2.46E-01
57,38,6.17E-03,1.93E-01,1.06E-01
57,58,2.25E-02,1.43E-01,6.28E-02
57,83.38,2.04E-02,1.18E-01,6.28E-02
57,103.74,1.97E-02,9.53E-02,8.46E-02
57,156.28,1.91E-02,7.28E-02,3.82E-02
58,1.76,7.95E-03,1.60E-02,4.18E+00
58,5.93,1.22E-02,2.11E-02,2.70E+00
58,7.92,1.76E-02,2.22E-02,4.20E+00
58,11.49,2.62E-02,2.38E-02,3.55E+00
58,13.21,3.10E-02,2.45E-02,1.86E+00
58,15.38,4.24E-02,2.59E-02,1.50E+00
58,16.07,4.21E-02,2.56E-02,2.58E+00
58,17.73,4.39E-02,2.26E-02,2.38E+00
58,19.3,5.17E-02,2.27E-02,3.02E+00
58,26.42,6.51E-02,2.63E-02,1.38E+00
58,29.32,6.86E-02,2.81E-02,3.10E+00
58,39.77,6.71E-02,3.19E-02,1.49E+00
58,51.05,5.97E-02,2.86E-02,9.57E-01
58,109.71,4.32E-02,3.07E-02,5.96E-01
58,113.17,4.24E-02,3.09E-02,5.78E-01
58,120.74,3.49E-02,3.11E-02,4.10E-01
59,1.75,3.12E-05,3.63E-03,1.10E+00
59,5.72,4.93E-04,5.33E-03,8.05E-01
59,7.82,5.58E-04,5.64E-03,1.88E+00
59,11.79,6.27E-04,5.96E-03,1.69E+00
59,12.9,5.36E-04,6.05E-03,6.09E-01
59,15.73,7.90E-04,6.98E-03,7.40E-01
59,16.65,1.01E-03,6.65E-03,4.10E+00
59,18.34,2.80E-03,6.43E-03,4.69E+00
59,20.56,4.32E-03,7.65E-03,8.43E+00
59,27.12,3.44E-02,9.46E-03,2.73E+00
59,30.3,2.87E-02,1.13E-02,5.01E+00
59,40.48,3.55E-02,1.05E-02,3.09E+00
59,52.35,2.83E-02,1.19E-02,1.48E+00
59,111.03,7.93E-03,1.53E-02,1.47E+00
59,113.22,7.25E-03,1.54E-02,1.63E+00
59,121.91,8.84E-03,1.59E-02,8.77E-01
60,2.42,2.57E-04,2.70E-02,6.86E-01
60,4.67,1.58E-04,7.26E-02,5.79E-01
60,7.68,9.72E-05,1.24E-01,5.17E-01
60,12.06,1.11E-04,3.17E-01,7.60E-01
60,16.1,1.47E-04,4.75E-01,9.78E-01
60,24.07,1.20E-03,6.72E-01,9.92E-01
60,32,2.71E-03,9.52E-01,1.06E+00
60,42.37,3.23E-03,5.09E-01,7.55E-01
60,54.15,8.53E-03,3.16E-01,6.46E-01
60,72.11,1.72E-02,2.57E-01,6.00E-01
60,96.32,2.40E-02,1.88E-01,5.06E-01
60,120.18,2.46E-02,1.72E-01,4.99E-01
60,168.19,2.74E-02,1.11E-01,4.06E-01
61,2.42,3.16E-04,3.47E-02,6.47E-01
61,4.67,1.41E-04,7.26E-02,5.28E-01
61,7.68,1.19E-04,1.54E-01,4.68E-01
61,12.06,1.93E-04,3.23E-01,6.62E-01
61,16.1,1.86E-04,4.61E-01,8.62E-01
61,24.07,9.17E-04,7.32E-01,1.06E+00
61,32,7.66E-03,8.54E-01,9.38E-01
61,42.37,1.35E-02,5.58E-01,7.90E-01
61,54.15,1.96E-02,3.32E-01,6.23E-01
61,72.11,2.48E-02,3.41E-01,5.08E-01
61,96.32,2.70E-02,2.06E-01,5.88E-01
61,120.18,3.32E-02,1.47E-01,4.95E-01
61,168.19,1.30E-02,9.70E-02,3.59E-01
62,2.42,3.40E-04,6.60E-02,9.22E-01
62,4.67,3.16E-04,1.47E-01,9.00E-01
62,7.68,2.28E-03,2.17E-01,5.77E-01
62,12.06,1.23E-04,3.33E-01,8.23E-01
62,16.1,5.71E-04,5.56E-01,1.10E+00
62,24.07,1.22E-03,9.06E-01,1.47E+00
62,32,1.19E-02,8.23E-01,1.90E+00
62,42.37,5.71E-03,6.11E-01,1.57E+00
62,54.15,5.89E-03,3.69E-01,1.50E+00
62,72.11,2.21E-02,2.68E-01,1.30E+00
62,96.32,3.62E-02,2.44E-01,1.08E+00
62,120.18,9.96E-02,1.90E-01,9.43E-01
62,168.19,3.78E-02,1.14E-01,7.82E-01
63,2.42,1.20E-03,1.90E-02,1.21E+00
63,4.67,2.38E-03,3.66E-02,9.82E-01
63,7.68,2.06E-03,4.28E-02,7.88E-01
63,12.06,3.82E-03,8.12E-02,7.81E-01
63,16.1,7.19E-03,1.16E-01,6.87E-01
63,24.07,4.89E-02,1.70E-01,6.90E-01
63,32,8.45E-02,1.29E-01,5.35E-01
63,42.37,8.39E-02,1.31E-01,5.50E-01
63,54.15,1.15E-01,9.43E-02,4.38E-01
63,72.11,1.05E-01,9.68E-02,4.59E-01
63,96.32,8.17E-02,5.94E-02,3.66E-01
63,120.18,1.22E-01,6.45E-02,3.49E-01
63,168.19,6.72E-02,5.42E-02,3.01E-01
64,2.42,2.33E-03,1.53E-02,8.52E-01
64,4.67,8.03E-03,2.18E-02,7.12E-01
64,7.68,2.01E-02,2.86E-02,5.52E-01
64,12.06,3.33E-02,2.67E-02,4.71E-01
64,16.1,4.39E-02,3.48E-02,5.37E-01
64,24.07,8.88E-02,3.52E-02,4.82E-01
64,32,1.60E-01,3.80E-02,5.08E-01
64,42.37,1.72E-01,3.30E-02,3.80E-01
64,54.15,1.83E-01,3.73E-02,3.14E-01
64,72.11,1.37E-01,5.20E-02,2.86E-01
64,96.32,7.26E-02,2.93E-02,2.65E-01
64,120.18,8.21E-02,5.50E-02,2.45E-01
64,168.19,5.88E-02,3.90E-02,2.31E-01
65,2.42,2.37E-03,2.57E-02,8.18E-01
65,4.67,3.85E-03,3.02E-02,6.90E-01
65,7.68,8.37E-03,4.06E-02,5.17E-01
65,12.06,2.19E-02,6.19E-02,4.93E-01
65,16.1,3.84E-02,5.34E-02,4.48E-01
65,24.07,7.01E-02,5.59E-02,4.25E-01
65,32,9.02E-02,6.23E-02,4.01E-01
65,42.37,8.38E-02,6.24E-02,4.41E-01
65,54.15,9.77E-02,5.25E-02,3.32E-01
65,72.11,8.66E-02,6.93E-02,2.67E-01
65,96.32,6.41E-02,4.18E-02,2.20E-01
65,120.18,6.19E-02,5.56E-02,2.17E-01
65,168.19,5.21E-02,5.57E-02,1.76E-01
66,5.24,7.54E-03,2.11E-02,1.57E+01
66,5.73,9.24E-03,2.21E-02,1.45E+01
66,10.38,1.74E-01,3.16E-02,1.40E+01
66,18.63,5.64E-01,5.09E-02,1.36E+01
66,22.07,7.43E-01,5.37E-02,1.24E+01
66,27.13,8.29E-01,6.43E-02,1.26E+01
66,31.55,7.03E-01,8.16E-02,1.10E+01
66,41.78,4.54E-01,8.64E-02,7.48E+00
66,61.91,2.03E-01,6.60E-02,5.43E+00
66,175.56,7.61E-02,2.35E-02,4.11E+00
67,5.27,1.68E-03,1.40E-02,3.89E+00
67,5.76,1.47E-03,1.47E-02,3.47E+00
67,10.41,4.98E-02,2.19E-02,6.17E+00
67,18.66,4.36E-01,3.85E-02,1.09E+01
67,22.09,4.93E-01,4.60E-02,9.17E+00
67,27.13,5.00E-01,5.53E-02,7.56E+00
67,31.55,4.22E-01,6.15E-02,6.34E+00
67,41.78,3.73E-01,7.68E-02,5.62E+00
67,61.91,3.88E-01,6.61E-02,3.44E+00
67,175.56,5.88E-02,2.31E-02,2.38E+00
68,5.3,2.41E-02,3.14E-02,2.38E+00
68,5.78,2.58E-02,3.21E-02,2.14E+00
68,10.44,3.95E-02,3.83E-02,1.46E+00
68,18.69,5.39E-02,4.15E-02,1.92E+00
68,22.13,4.93E-02,4.93E-02,1.90E+00
68,27.13,4.36E-02,6.24E-02,1.77E+00
68,31.55,3.94E-02,7.61E-02,1.69E+00
68,41.78,3.18E-02,8.59E-02,1.17E+00
68,61.91,3.31E-02,7.22E-02,8.38E-01
68,175.56,2.71E-02,3.30E-02,9.91E-01
69,5.33,3.85E-02,2.61E-02,3.12E+00
69,6.22,4.47E-02,2.63E-02,2.95E+00
69,10.47,8.26E-02,2.75E-02,2.63E+00
69,18.72,1.72E-01,3.59E-02,2.96E+00
69,22.16,2.09E-01,4.90E-02,2.72E+00
69,27.13,1.94E-01,6.33E-02,2.84E+00
69,31.55,1.05E-01,7.08E-02,2.37E+00
69,41.78,6.33E-02,7.75E-02,1.71E+00
69,61.91,5.96E-02,6.35E-02,1.08E+00
69,175.56,3.59E-02,3.34E-02,1.39E+00
70,5.36,1.59E-03,2.15E-02,8.73E+00
70,6.24,1.97E-03,2.19E-02,7.95E+00
70,10.5,8.09E-02,2.52E-02,8.21E+00
70,18.75,5.44E-01,4.94E-02,9.55E+00
70,22.18,6.53E-01,6.61E-02,9.17E+00
70,27.13,6.17E-01,8.33E-02,8.46E+00
70,31.55,4.11E-01,9.10E-02,7.03E+00
70,41.78,2.89E-01,8.73E-02,1.22E+01
70,61.91,4.43E-01,6.44E-02,3.46E+00
70,175.56,5.24E-02,2.65E-02,4.23E+00
71,5.39,2.31E-03,1.43E-02,1.60E+00
71,6.28,3.13E-03,1.51E-02,1.51E+00
71,10.53,1.48E-02,1.97E-02,2.01E+00
71,18.78,9.68E-02,3.85E-02,3.85E+00
71,22.22,1.82E-01,5.79E-02,2.95E+00
71,27.13,2.57E-01,7.09E-02,2.97E+00
71,31.55,2.86E-01,6.82E-02,2.82E+00
71,41.78,2.62E-01,6.42E-02,2.14E+00
71,61.91,3.54E-01,4.70E-02,1.60E+00
71,175.56,6.47E-02,1.54E-02,1.21E+00
72,5.43,4.03E-02,4.42E-02,2.41E+00
72,6.31,4.72E-02,4.18E-02,2.05E+00
72,10.56,4.87E-02,3.61E-02,1.80E+00
72,18.81,7.97E-02,5.77E-02,2.19E+00
72,22.25,9.21E-02,6.69E-02,1.73E+00
72,27.13,8.88E-02,7.75E-02,1.70E+00
72,31.55,6.85E-02,8.50E-02,1.75E+00
72,41.78,4.72E-02,1.03E-01,1.18E+00
72,61.91,4.76E-02,8.71E-02,8.81E-01
72,175.56,5.72E-02,4.09E-02,1.08E+00
73,5.45,2.25E-02,3.22E-02,2.26E+00
73,6.33,2.78E-02,3.11E-02,2.12E+00
73,10.59,5.08E-02,2.88E-02,1.70E+00
73,18.84,1.10E-01,4.79E-02,2.16E+00
73,22.28,1.11E-01,6.49E-02,2.10E+00
73,27.13,1.03E-01,7.76E-02,1.99E+00
73,31.55,8.80E-02,7.88E-02,2.03E+00
73,41.78,5.50E-02,8.99E-02,1.34E+00
73,61.91,4.13E-02,7.86E-02,1.01E+00
73,175.56,2.67E-02,4.39E-02,1.27E+00
74,5.48,1.51E-02,3.25E-02,6.10E+00
74,6.37,2.08E-02,3.39E-02,5.21E+00
74,10.62,6.00E-02,3.87E-02,3.94E+00
74,18.87,1.53E-01,5.21E-02,5.32E+00
74,22.31,1.82E-01,7.86E-02,4.85E+00
74,27.13,2.16E-01,9.49E-02,4.53E+00
74,31.55,2.43E-01,9.17E-02,4.38E+00
74,41.78,1.71E-01,9.91E-02,3.00E+00
74,61.91,2.12E-01,8.04E-02,2.05E+00
74,175.56,4.49E-02,3.57E-02,1.89E+00
75,5.51,1.20E-02,2.20E-02,3.55E+00
75,6.39,2.47E-02,2.27E-02,3.32E+00
75,10.65,1.07E-01,2.68E-02,3.00E+00
75,18.9,3.04E-01,4.34E-02,3.58E+00
75,22.33,4.13E-01,5.76E-02,3.73E+00
75,27.13,5.04E-01,6.77E-02,3.28E+00
75,31.55,5.51E-01,6.88E-02,3.20E+00
75,41.78,3.34E-01,8.04E-02,2.19E+00
75,61.91,4.47E-01,6.41E-02,1.55E+00
75,175.56,6.72E-02,1.81E-02,1.35E+00
76,5.54,2.29E-02,5.25E-02,2.18E+00
76,6.43,2.68E-02,5.21E-02,1.75E+00
76,10.68,3.99E-02,5.20E-02,1.60E+00
76,18.93,4.93E-02,6.65E-02,1.27E+00
76,22.37,5.46E-02,8.07E-02,1.23E+00
76,27.13,5.90E-02,9.11E-02,1.25E+00
76,31.55,6.11E-02,9.30E-02,1.19E+00
76,41.78,5.35E-02,1.08E-01,9.49E-01
76,61.91,6.62E-02,8.51E-02,7.63E-01
76,175.56,4.94E-02,4.44E-02,7.39E-01
77,5.58,2.02E-02,3.34E-02,2.09E+00
77,6.46,2.42E-02,3.29E-02,1.77E+00
77,10.71,4.12E-02,3.22E-02,1.50E+00
77,18.96,6.68E-02,4.70E-02,1.69E+00
77,22.4,7.58E-02,6.55E-02,1.61E+00
77,27.13,8.92E-02,7.44E-02,1.57E+00
77,31.55,1.02E-01,6.92E-02,1.66E+00
77,41.78,6.12E-02,8.28E-02,1.43E+00
77,61.91,5.31E-02,6.52E-02,1.05E+00
77,175.56,2.53E-02,3.66E-02,1.07E+00
78,3.59,4.60E-03,1.95E-02,8.91E+00
78,15.79,1.83E-01,4.48E-02,6.45E+00
78,38.72,1.98E-01,5.75E-02,5.13E+00
78,59.54,1.66E-01,5.19E-02,3.59E+00
78,87.34,1.11E-01,5.80E-02,3.72E+00
78,126.37,7.44E-02,4.58E-02,2.32E+00
78,153.03,7.35E-02,5.35E-02,3.30E+00
79,3.59,7.65E-03,2.78E-02,5.65E+00
79,15.79,2.80E-01,4.31E-02,6.65E+00
79,38.72,4.89E-01,5.30E-02,4.39E+00
79,59.54,4.57E-01,5.22E-02,3.23E+00
79,87.34,2.21E-01,4.53E-02,2.45E+00
79,126.37,1.18E-01,4.40E-02,1.78E+00
79,153.03,8.66E-02,4.74E-02,1.42E+00
80,3.59,4.82E-02,3.81E-02,1.17E+00
80,15.79,6.86E-02,4.21E-02,7.70E-01
80,38.72,6.89E-02,5.27E-02,6.91E-01
80,59.54,6.62E-02,5.02E-02,6.25E-01
80,87.34,6.47E-02,4.44E-02,6.07E-01
80,126.37,5.46E-02,4.55E-02,3.95E-01
80,153.03,5.23E-02,4.39E-02,2.90E-01
81,3.59,1.77E-02,2.89E-02,1.44E+00
81,15.79,8.33E-02,3.91E-02,1.18E+00
81,38.72,1.14E-01,4.73E-02,8.73E-01
81,59.54,8.99E-02,5.60E-02,7.37E-01
81,87.34,6.82E-02,4.43E-02,7.14E-01
81,126.37,5.08E-02,4.70E-02,5.35E-01
81,153.03,5.27E-02,4.09E-02,4.87E-01
82,2.71,1.18E-01,5.48E-02,5.76E+00
82,7.21,1.43E-01,6.76E-02,4.59E+00
82,17.81,4.68E-01,1.13E-01,3.91E+00
82,25.95,1.63E+00,1.22E-01,3.84E+00
82,32.77,1.71E+00,1.15E-01,3.72E+00
82,52.32,8.33E-01,9.21E-02,2.51E+00
82,71.22,6.15E-01,8.42E-02,2.05E+00
82,92.58,6.13E-01,7.57E-02,1.67E+00
82,136.22,7.47E-01,6.69E-02,1.34E+00
83,2.71,5.75E-02,5.87E-02,8.04E+00
83,7.21,5.81E-02,8.67E-02,6.38E+00
83,17.81,1.05E+00,1.03E-01,5.65E+00
83,25.95,4.34E+00,7.88E-02,7.56E+00
83,32.77,6.55E+00,9.14E-02,6.06E+00
83,52.32,7.03E+00,1.16E-01,3.45E+00
83,71.22,4.11E+00,1.03E-01,2.83E+00
83,92.58,1.65E+00,7.04E-02,1.33E+00
83,136.22,9.56E-01,7.84E-02,1.05E+00
84,2.71,6.35E-02,2.18E-02,4.44E+00
84,7.21,1.17E-01,3.24E-02,3.79E+00
84,17.81,4.31E-01,4.20E-02,3.30E+00
84,25.95,5.98E-01,4.06E-02,4.75E+00
84,32.77,4.56E-01,4.78E-02,4.26E+00
84,52.32,5.13E-01,4.55E-02,1.52E+00
84,71.22,5.61E-01,4.29E-02,1.44E+00
84,92.58,4.82E-01,3.66E-02,1.04E+00
84,136.22,9.39E-01,3.41E-02,8.22E-01
85,2.71,2.97E-02,3.72E-02,5.25E+00
85,7.21,5.83E-02,5.22E-02,3.41E+00
85,17.81,1.49E-01,9.09E-02,2.98E+00
85,25.95,6.26E-01,7.08E-02,4.14E+00
85,32.77,6.46E-01,6.19E-02,3.81E+00
85,52.32,8.62E-01,6.52E-02,3.47E+00
85,71.22,9.68E-01,5.02E-02,2.37E+00
85,92.58,4.89E-01,6.35E-02,1.51E+00
85,136.22,3.43E-01,4.73E-02,1.13E+00
86,2.71,6.02E-03,5.32E-02,4.52E+00
86,7.21,1.79E-02,6.35E-02,4.70E+00
86,17.81,2.89E-02,1.59E-01,4.26E+00
86,25.95,5.57E-02,2.92E-01,8.54E+00
86,32.77,1.37E-01,2.24E-01,6.23E+00
86,52.32,5.17E-01,1.00E-01,3.75E+00
86,71.22,8.92E-01,1.01E-01,2.90E+00
86,92.58,1.21E+00,8.29E-02,2.66E+00
86,136.22,6.64E-01,6.80E-02,2.15E+00
87,2.71,5.28E-02,4.41E-02,3.68E+00
87,7.21,3.52E-02,4.97E-02,3.16E+00
87,17.81,3.58E-01,6.39E-02,2.74E+00
87,25.95,5.36E-01,4.79E-02,2.67E+00
87,32.77,5.22E-01,5.37E-02,2.72E+00
87,52.32,5.06E-01,5.83E-02,1.52E+00
87,71.22,4.95E-01,5.17E-02,1.34E+00
87,92.58,1.49E-01,4.59E-02,1.09E+00
87,136.22,7.19E-01,4.95E-02,9.01E-01
88,2.71,1.39E-01,5.92E-02,9.03E+00
88,7.21,2.09E-01,7.83E-02,5.92E+00
88,17.81,6.32E-01,1.28E-01,5.35E+00
88,25.95,9.11E-01,8.69E-02,5.02E+00
88,32.77,1.22E+00,1.01E-01,4.83E+00
88,52.32,1.23E+00,1.09E-01,2.85E+00
88,71.22,1.12E+00,8.90E-02,2.62E+00
88,92.58,7.95E-01,9.95E-02,2.42E+00
88,136.22,6.59E-01,9.69E-02,1.95E+00
89,2.71,1.34E-01,4.17E-02,5.97E+00
89,7.21,1.77E-01,4.60E-02,4.34E+00
89,17.81,3.73E-01,6.39E-02,3.46E+00
89,25.95,5.31E-01,5.34E-02,4.92E+00
89,32.77,5.75E-01,5.89E-02,3.26E+00
89,52.32,6.03E-01,6.41E-02,1.47E+00
89,71.22,4.65E-01,6.12E-02,1.63E+00
89,92.58,3.76E-01,4.69E-02,1.76E+00
89,136.22,4.23E-01,5.99E-02,1.38E+00
90,2.71,1.94E-02,2.46E-02,2.43E+00
90,7.21,2.10E-02,5.78E-02,2.73E+00
90,17.81,2.69E-02,9.01E-02,1.65E+00
90,25.95,3.14E-01,1.11E-01,4.02E+00
90,32.77,1.81E-01,7.15E-02,3.39E+00
90,52.32,4.23E-01,5.47E-02,2.23E+00
90,71.22,1.29E+00,5.65E-02,2.08E+00
90,92.58,1.84E+00,4.96E-02,1.46E+00
90,136.22,7.42E-01,4.34E-02,1.09E+00
91,2.71,1.43E-02,6.70E-02,5.21E+00
91,7.21,1.25E-02,1.04E-01,5.00E+00
91,17.81,8.87E-03,4.39E-01,4.15E+00
91,25.95,1.11E-01,7.48E-01,1.25E+01
91,32.77,1.75E-01,5.16E-01,7.61E+00
91,52.32,3.04E-01,1.87E-01,3.79E+00
91,71.22,4.26E-01,1.74E-01,3.60E+00
91,92.58,4.87E-01,1.63E-01,3.03E+00
91,136.22,2.77E-01,1.06E-01,2.55E+00
